{"initial_reset_timestamp": 1554492953.4127948, "timestamps": [1554492959.739776], "episode_lengths": [180], "episode_rewards": [-90.83218312420404], "episode_types": ["t"]}