{"initial_reset_timestamp": 1554560071.7103105, "timestamps": [1554560082.095023], "episode_lengths": [302], "episode_rewards": [-113.54513023107539], "episode_types": ["t"]}