{"initial_reset_timestamp": 1556461719.9040108, "timestamps": [1556461725.9804766], "episode_lengths": [146], "episode_rewards": [-129.65258865108592], "episode_types": ["t"]}