{"initial_reset_timestamp": 1554492092.572946, "timestamps": [1554492098.0351496], "episode_lengths": [129], "episode_rewards": [-112.96345420421986], "episode_types": ["t"]}